{
  "data":[
    {
      "question": "What does HTML stand for?",
      "option": [
        "Home Tool Markup Language",
        "Hyper Text Markup Language",
        "Hyperlinks and Text Markup Language"
      ],
      "answer": "Hyper Text Markup Language"
    },
    {
      "question": "Who is making the Web standards?",
      "option": [
        "Google",
        "Microsoft",
        "Mozilla",
        "The World Wide Web Consortium"
      ],
      "answer": "The World Wide Web Consortium"
    },
    {
      "question": "Choose the correct HTML element for the largest heading:",
      "option": ["<h6>", "<heading>", "<h1>", "<head>"],
      "answer": "<h1>"
    },
    {
      "question": "What is the correct HTML element for inserting a line break?",
      "option": ["<br>", "<lb>", "<break>"],
      "answer": "<br>"
    },
    {
      "question": "What is the correct HTML for adding a background color?",
      "option": [
        "<body bg='yellow'>",
        "<body style='background-color:yellow;'>",
        "<background>yellow</background>"
      ],
      "answer": "<body style='background-color:yellow;'>"
    },
    {
      "question": "Choose the correct HTML element to define important text",
      "option": ["<i>", "<strong>", "<b>", "<important>"],
      "answer": "<b>"
    },
    {
      "question": "Choose the correct HTML element to define emphasized text",
      "option": ["<i>", "<italic>", "<em>"],
      "answer": "<i>"
    },
    {
      "question": "What is the correct HTML for creating a hyperlink?",
      "option": [
        "<a href='http://www.w3schools.com'>W3Schools</a>",
        "<a>http://www.w3schools.com</a>",
        "<a url='http://www.w3schools.com'>W3Schools.com</a>",
        "<a name='http://www.w3schools.com'>W3Schools.com</a>"
      ],
      "answer": "<a href='http://www.w3schools.com'>W3Schools</a>"
    },
    {
      "question": "Which character is used to indicate an end tag?",
      "option": ["<", "*", "^", "/"],
      "answer": "/"
    },
    {
      "question": "How can you open a link in a new tab/browser window?",
      "option": [
        "<a href='url' target='_blank'>",
        "<a href='url' target='new'>",
        "<a href='url' new>"
      ],
      "answer": "<a href='url' target='_blank'>"
    }
  ]}